stage,category,path,steps,parameters,training_seconds,validation_seconds,reported_peak_process_RSS_bytes,receipt_sha256
r1,discarded_pilot,r1/benchmark/d886101_s0/alpha_full/run.json,100,92590,1.4799707499987562,,378880000,51580b72b3e64e395c119c561a536b1cbdcb84f49d6342a81ab2c75cd41dc7b9
r1,discarded_pilot,r1/benchmark/d886101_s0/alpha_quotient/run.json,100,92590,1.5816463750015828,,390365184,0cf7cf6324e1d0f5546a48a30939da51fdd8835e2f81291efad65e5d281fea35
r1,discarded_pilot,r1/benchmark/d886101_s0/binary_full/run.json,100,92590,1.5325786250032252,,379453440,03cc8c1ad7e9eeb05f2895e286c8825a273fca278a52f210faeb8a0fda826414
r1,discarded_pilot,r1/benchmark/d886101_s0/binary_quotient/run.json,100,92590,1.589296457997989,,377552896,3eb2a19aba6b021b9464a11beaf66781e3091c2685382af735a9a300d2102a26
r1,discarded_pilot,r1/benchmark/d886101_s0/rgb_full/run.json,100,92590,1.5312396250010352,,375504896,b90847a78c34ab8f6a521c82aef0881d7ddd80d1f7ebab6400a8b712477f3685
r1,discarded_pilot,r1/benchmark/d886101_s0/rgb_quotient/run.json,100,92590,1.5257368340026005,,377765888,50716c7b89aaf9c6a081b66f99c01da16dbf3add1f438b65e76151b2cb336181
r1,completed_main_training,r1/runs/d886101_s0/alpha_full/run.json,6000,92590,86.21476229200198,,387743744,1c8ba9db90e1dc6fa1fa27a2327ec1fb7965d0fb73670690e785319f99135967
r1,completed_main_training,r1/runs/d886101_s0/alpha_quotient/run.json,6000,92590,92.01873004200024,,391118848,27e748606e4f58a2f7f596ab0f494f02b65bc133ba02da415e6105bbf1ae8af0
r1,completed_main_training,r1/runs/d886101_s0/binary_full/run.json,6000,92590,92.30323845800012,,390430720,292147ae1e8fafa1231e813d6383d3b1ccba6e6c4ba7a5a7aca4cc04938173c2
r1,completed_main_training,r1/runs/d886101_s0/binary_quotient/run.json,6000,92590,89.74522350000188,,389677056,ef7ab7a748ed0d31f81c27bbb6bb15c18d045899249d0aa7ccb33372b03816a2
r1,completed_main_training,r1/runs/d886101_s0/rgb_full/run.json,6000,92590,92.1076533749947,,386564096,65db5a93753ac3581cc8f4fe0f04975c88c7b63887e315480d2d9b367e2dc5be
r1,completed_main_training,r1/runs/d886101_s0/rgb_quotient/run.json,6000,92590,95.2423157910016,,390742016,08905a046c8f6a060c9502cf51cbf22b011f8e2b6b35c32652270903f237307b
r3,discarded_pilot,r3/benchmark/d888101_s0/contact_residual/run.json,100,15076,2.1292573340033414,,307806208,87b583fec84b43a8ffd973e5d0a05cef90634714fd6715c5589f2f455d903a16
r3,discarded_pilot,r3/benchmark/d888101_s0/local_mean/run.json,100,15076,1.1238285840008757,,302039040,2c00bdbce5c2a0828a3d8c14fe0f31498302807619c2b687235d45ffd60a10bf
r3,discarded_pilot,r3/benchmark/d888101_s0/mean/run.json,100,15076,0.9952317499992205,,301875200,dead70342e63eb36844bedd10fac98e596d193f4cbc008bca5a62eebd4469ec5
r3,discarded_pilot,r3/benchmark/d888101_s0/multi/run.json,100,15076,0.9631118329998571,,301170688,91d24cdd3f6e398f3612a1af6bf53ba0a3bf82407fed588757ecee065ed9ad7a
r3,discarded_pilot,r3/benchmark/d888101_s0/multi_bounded/run.json,100,15076,1.0695891249997658,,302317568,389542ad10cf83a5322dc6591901782f11362ea12c6d17cbe0ea170995cb3c28
r3,discarded_pilot,r3/benchmark/d888101_s0/one/run.json,100,15076,0.12910900000133552,,293109760,5df3beb1fe7bfd20fc9e833f2ffcefa70e29d683b722b1a92e83c5affb46ca6b
r3,completed_main_training,r3/runs/d888101_s0/contact_residual/run.json,2000,15076,39.529772082998534,,306446336,567a0f6fb275444885426def60a536f3cf9b819bd9d5195970616a01d927b38b
r3,completed_main_training,r3/runs/d888101_s0/local_mean/run.json,2000,15076,23.44108516599954,,303169536,730ae8cb8e8e2193c37aeea47b500ffb5465b76b11b86a521e8b950bf2d17104
r3,completed_main_training,r3/runs/d888101_s0/mean/run.json,2000,15076,19.625676875002682,,303153152,09e6f2bbf229d9e76869392a8c9a6d360b055dcefcd65557e3d8418038610b0c
r3,completed_main_training,r3/runs/d888101_s0/multi/run.json,2000,15076,18.678894832999504,,302399488,9b4724be5aec6da167526e39226f158819ceed05aa9d3e849bc78047bd70a53b
r3,completed_main_training,r3/runs/d888101_s0/multi_bounded/run.json,2000,15076,21.13191433299653,,301875200,6b67a65ab8d42e21acee1892894833fb3d7197066886c3ecceba9feab27bb145
r3,completed_main_training,r3/runs/d888101_s0/one/run.json,2000,15076,2.624836499999219,,294125568,3373b7292a919b3e253f43813f38ca15da288c62434df7b3167d3c3ce45ae676
r2,discarded_pilot,r2/benchmark/d887101_s0/detector_mask0/run.json,100,154643,4.390882208994299,,483278848,ca7f7efaa1f119b71e08bfd8929bd9cd47c14cc35880a07895c384b49f6c45d6
r2,discarded_pilot,r2/benchmark/d887101_s0/detector_mask1/run.json,100,154643,4.737595040998713,,512589824,fe46b9d829e6076bec00883e4275df80f33a3ce98a1e988ea133bcef12a31117
r2,discarded_pilot,r2/benchmark/d887101_s0/recurrent_mask0/run.json,100,99411,8.01640962500096,,491143168,a970d0fc0e5cd850a474b338193ae6f50dd74b676e2eeb5090ef5e3cf8b5b54a
r2,discarded_pilot,r2/benchmark/d887101_s0/recurrent_mask1/run.json,100,99411,8.382740083005046,,524451840,ff0c19c33fd9d0f1511cf0865fb28e72a3dc3a2cb754671cd58a824e5b3cd356
r2,discarded_pilot,r2/benchmark/d887101_s0/slot_mask0/run.json,100,99411,2.175427000001946,,452280320,e96bf0657f20389154ee9d95b1c9937f0bda2a9f80b36cec77a0b89871f67bf7
r2,discarded_pilot,r2/benchmark/d887101_s0/slot_mask1/run.json,100,99411,2.4033762499966542,,472547328,0742a697728dd1f0effd2a7359a891efd1fdbb5f98ac15f615defd79f0038206
r2,discarded_pilot,r2/decoder/benchmark/editor/run.json,100,163996,19.684664667001925,,1211187200,0e585e08fe83592c9e7c17398363f8b711ac2e24e34ad3d4fd303c7d3b64b778
r2,discarded_pilot,r2/decoder/benchmark/patch/run.json,100,575876,0.4325313750014175,,405504000,2401d13394c1fb3d72d2ff72d5f8bce17b84bab53267e6c3b0c8e1831ff98a0f
r2,completed_main_training,r2/decoder/runs/editor/run.json,4000,163996,803.9687239580016,,937017344,d385dbcbcad14d78bf2971f5ce9ba98c46c960a29c9c0aabeee499c454aa152d
r2,completed_main_training,r2/decoder/runs/patch/run.json,2000,575876,5.7179011659973185,,411451392,15fad9272e8419c28f5d266d21aa1794fba32086c141666950a0d5af74cd6e4a
r2,completed_main_training,r2/runs/d887101_s0/detector_mask0/run.json,4000,154643,172.14638333400217,,485408768,81c449bbfee3ab3ee26a265f1985c0e94f45ba55a356f11036fcf1abccba5803
r2,completed_main_training,r2/runs/d887101_s0/detector_mask1/run.json,4000,154643,177.99351379199652,,495058944,c20541e1a48243040d6f7a095009bb2947c44ff5a1954c7eaf28db187c94771a
r2,completed_main_training,r2/runs/d887101_s0/recurrent_mask0/run.json,4000,99411,331.2202611249959,,507641856,e456be34ddc83e12a7934871aecf0855858898bc5e5965cb7b666e78c25be19f
r2,completed_main_training,r2/runs/d887101_s0/recurrent_mask1/run.json,4000,99411,357.97942829199746,,530022400,ce8384f0cc752d0951a146ddc2698cc9e83c4059c5dfcdc974a08b8ee75a3dfc
r2,completed_main_training,r2/runs/d887101_s0/slot_mask0/run.json,4000,99411,86.67125183399912,,471121920,5420471fc7d0278871f81e49703b17c73e565bb5386a4310dfac1538cb38359e
r2,completed_main_training,r2/runs/d887101_s0/slot_mask1/run.json,4000,99411,93.54532791599922,,482967552,d4d67001985e5fad81bf443118f0fd92f5da5b8ff4d90ece64a646c836f58436
r2,archived_discarded_pilot,r2/training_preflight_v1/benchmark/d887101_s0/recurrent_mask1/run.json,100,99411,8.269672874994285,,527695872,d995cb8669db572be3a06903e0d6b3665790b508f8cca90802026aa10aa6d0b5
r4,completed_main_training,r4/runs/d889101_s0/ae_base/run.json,6000,118419,590.4101971249984,,576667648,2b239efb11b5dd43c1c9ea810d67424152b6500b01f1f2a6fced446a90935982
r4,completed_main_training,r4/runs/d889101_s0/ae_spatial/run.json,6000,68068,669.3852027079993,,573358080,1945b9dae808cf6ff19a4f56044ab20c6106c2be917b29e155b8900ccb3963eb
r4,discarded_pilot,r4/runs/d889101_s0/benchmarks/ae_base/run.json,100,118419,9.983749624996562,,569458688,cc60795291828534641859ab80f67a07dcab7e023969b66a48ee229bc7151dbc
r4,discarded_pilot,r4/runs/d889101_s0/benchmarks/ae_spatial/run.json,100,68068,11.055414000002202,,570621952,82a4bb4838f2045b7192ae7c4b443383c2f0272c4511b886db267c5282549222
r4,discarded_pilot,r4/runs/d889101_s0/benchmarks/bridge_base/run.json,100,2128,0.03580008300195914,,425492480,2cbc3068d8d4a1202f180f4e2ebf4025552d76a8c11f707cbea7b20dafee261e
r4,discarded_pilot,r4/runs/d889101_s0/benchmarks/bridge_spatial/run.json,100,2128,0.03616245900047943,,424804352,a70836f9d10436fa1504efa45428f8ccd43439c26b3bef13e2503bc085db49c5
r4,discarded_pilot,r4/runs/d889101_s0/benchmarks/decoder_learned_coordinate/run.json,100,34966,4.295356541995716,,525729792,bc2a0b074f22f880d7d969457eadbceb4c5df08eae4fdc38089d57f213621680
r4,discarded_pilot,r4/runs/d889101_s0/benchmarks/decoder_learned_edge/run.json,100,60211,3.9963254169997526,,537067520,46fb221e19f9cb5399c8906a461069adbfac5f439304936d3212e8cc2682276b
r4,discarded_pilot,r4/runs/d889101_s0/benchmarks/decoder_learned_spatial/run.json,100,42131,5.4131517079949845,,561430528,aa3d90d29e617a20e59d76766c19a5c9dc1798f38233c672875343fcc04374e6
r4,discarded_pilot,r4/runs/d889101_s0/benchmarks/decoder_learned_standard/run.json,100,60211,3.7026770829979796,,522518528,ef84706abfa839e459691169e0bf0a430460b55a8857857f32367fb02c4e1916
r4,discarded_pilot,r4/runs/d889101_s0/benchmarks/decoder_oracle_coordinate/run.json,100,34966,2.804368249999243,,491454464,e07b7b07e059306b58a4740163afa36ef8fe80b91b3e83431393f35d18385c2a
r4,discarded_pilot,r4/runs/d889101_s0/benchmarks/decoder_oracle_edge/run.json,100,60211,4.055771958999685,,539459584,7418c98c18ceb0df2a9df5ecdb527184e0cdd60b1bf9c0cecb9229d4d831d3a2
r4,discarded_pilot,r4/runs/d889101_s0/benchmarks/decoder_oracle_spatial/run.json,100,42131,4.01886787499825,,528154624,05a831eeacd2ec9ee2081b8a97444a67c59510d6e9dd906e0c7746c886bac2c0
r4,discarded_pilot,r4/runs/d889101_s0/benchmarks/decoder_oracle_standard/run.json,100,60211,3.6517093750007916,,519356416,993c6b6d36e8ccb86478f0566d439c3dc44a135ae9f96f0b0bbc8823246e0956
r4,discarded_pilot,r4/runs/d889101_s0/benchmarks/flow_base/run.json,100,101696,0.21560487499664305,,433078272,fee439fcca00b9c3a2507c87ca7f2bb8885ab5da510e24e34bde9ca7a7c72e4f
r4,discarded_pilot,r4/runs/d889101_s0/benchmarks/flow_spatial/run.json,100,101696,0.21596762500121258,,430440448,79b98e933de92351185300c199a093601935980158ed82be5ffa5ff30939fda0
r4,completed_main_training,r4/runs/d889101_s0/bridge_base/run.json,4000,2128,1.0123349580026115,,425590784,666d92efd32d99e460d53747a46cbc0071ead7ff598aba38a16f6078226161b2
r4,completed_main_training,r4/runs/d889101_s0/bridge_spatial/run.json,4000,2128,0.973851790993649,,424722432,1904f29f337fb8681950ecb134f9ce144cee63b8f9ad39abf11b2cc26be89569
r4,completed_main_training,r4/runs/d889101_s0/decoder_learned_coordinate/run.json,6000,34966,197.33824579200154,,530317312,1b3696b10020d18b43a184f5ce071ca1bd09c21cbfc685e4ffca76552cb30730
r4,completed_main_training,r4/runs/d889101_s0/decoder_learned_edge/run.json,6000,60211,259.95692608399986,,569802752,254e800c4f57237afa616ad774f06348421bd330559574bc57798ca35cfc5905
r4,completed_main_training,r4/runs/d889101_s0/decoder_learned_spatial/run.json,6000,42131,371.38718970800255,,566181888,e2105abdd524ed66b2cd240880ab22b46d9bd6a15b7202e71d80e7f7dd8b7e32
r4,completed_main_training,r4/runs/d889101_s0/decoder_learned_standard/run.json,6000,60211,224.05299974999798,,539574272,d8d68ce5cfb1a8153542410bf4ab933c6782a66919af17b72433cab19a139bb8
r4,completed_main_training,r4/runs/d889101_s0/decoder_oracle_coordinate/run.json,6000,34966,161.7810337080009,,513998848,ba20c7cf5e81772dbd8641c6bd1964b8e23c2c010976402a12195291e2385900
r4,completed_main_training,r4/runs/d889101_s0/decoder_oracle_edge/run.json,6000,60211,240.74141904100543,,551141376,99497f7d0b1712b9869946e560a8410f49e9254fd1d13c8403925d7d6b88c20f
r4,completed_main_training,r4/runs/d889101_s0/decoder_oracle_spatial/run.json,6000,42131,284.550422332999,,563249152,860035e5fa3353c856ff412023d10b76a99f00bffe2b839125de9f597838f3db
r4,completed_main_training,r4/runs/d889101_s0/decoder_oracle_standard/run.json,6000,60211,220.68768779200036,,524156928,21ec199469c0c31f469137c0bd52f3fa6792c6107ecfafe0d747fe20af2ae14e
r4,completed_main_training,r4/runs/d889101_s0/flow_base/run.json,16000,101696,28.923270500003127,,437944320,6ea745c93d689c58b931f6a6da89f27f4abda06b2c991e9ba56f45f56196566c
r4,completed_main_training,r4/runs/d889101_s0/flow_spatial/run.json,16000,101696,31.121159499998612,,438583296,f02ba18e33e3a6f041f2f89c27840df57ed7eb9fb5d0e1f6ed7bb8a373b1d10f
r5/disks,discarded_pilot,r5/disks/benchmark/bounded/run.json,100,14500,0.9449620000013965,,,d65ae4f67ad76d8e9cf6a41b5635272aac80e11d042e463ff05ed6d0f75d9554
r5/disks,discarded_pilot,r5/disks/benchmark/contact/run.json,100,14500,2.0115047080034856,,,11284297a76503976fe3ba7005706df8ba8a023ee4210161fe817c58ef3bcf7d
r5/disks,discarded_pilot,r5/disks/benchmark/decoder/run.json,100,157764,0.7319376670056954,,,2841eb393bfca775a90a182cc2e2d25a709b7b6eefe996f9e1e8a659fb08cd20
r5/disks,discarded_pilot,r5/disks/benchmark/force/run.json,100,457387,4.63405550000607,,,6508e4fe3682bf5bfc7f75534c5cb5f777f2ba75ed532b3b65e6799758db2dd2
r5/disks,discarded_pilot,r5/disks/benchmark/reader/run.json,100,162217,6.583924624996143,,,f529032acd3efe5906f46ead11be16426f90c40269337822607671ab446ee0bd
r5/disks,completed_main_training,r5/disks/runs/bounded/run.json,2000,14500,20.051467875004164,,,45b01939843ae7b44ae9cc984c6b0ce5882973a203025ea3203889e98f7acca1
r5/disks,completed_main_training,r5/disks/runs/contact/run.json,2000,14500,43.55807791699772,,,b868c83f92c83f29400d2baf570a03508ebfa0c92dae2b3a993eb8124247c034
r5/disks,completed_main_training,r5/disks/runs/decoder/run.json,3000,157764,23.443601166000008,,,9a2b8640b6e119a4d8abf1edf39fe8342ddf2cab51fc8210fd22ca7cf0c0187f
r5/disks,completed_main_training,r5/disks/runs/force/run.json,3000,457387,151.96760216599796,,,ecee95a95e6174e75b1432d8bd57e562c1ba6df72be4858abc659f0b39d0b52f
r5/disks,completed_main_training,r5/disks/runs/reader/run.json,4000,162217,261.09362066700123,,,808b6d6e2b8d28c05abd5a1c845dfff3e8b41c587d0bdcb64f2dbd18ba53f891
r5/external,completed_main_training,r5/external/dsprites_hard/runs/Single_Atomic/c4_s0/run.json,36000,1266467,2455.5390235410014,11.548586916011118,582090752,596a877c2b095022a33608bb450aa96deb1fc984b1e363492ef2978629f1df17
r5/external,completed_main_training,r5/external/dsprites_hard/runs/Single_Atomic/object_s0/run.json,36000,1081892,2194.470941125008,11.803933124007017,611074048,48e1533d445ea7afc3179452ebee457f06f2f73841a165a5d02a91aeb14dca3c
r5/external,completed_main_training,r5/external/dsprites_hard/runs/Single_Atomic/plain_s0/run.json,36000,1266467,1715.5627574569953,7.316516081998998,564133888,7fa2ca65a94e9f6eb34c2b8536f8e63344febfb78e6ba2428d23c9bfb947edc3
r5/measurement,completed_reader_training,r5/attributes/clevr/Single_Atomic/run.json,6000,459103,764.0593339580009,,444170240,06d6aea1f265c164dd80d0dd56d25ed3ab366a4af01d52db65e3c34599bba1f6
r5/measurement,completed_reader_training,r5/attributes/clevrtex/Single_Atomic/run.json,6000,459619,984.3477700830044,,442007552,e240c4ab8031b64ad08e9c36fc635da46efab3862645675cfaf2727d70ab37da
r5/measurement,completed_reader_training,r5/attributes/dsprites/Multiple_Atomic/run.json,6000,458716,711.2838567500003,,435421184,04ab29e8f3db4b398ba7f808dd4642a8f7baf399888e8195a60592322dc89664
r5/measurement,completed_reader_training,r5/attributes/dsprites/Multiple_Non-Atomic/run.json,6000,458716,836.1208857919992,,436027392,1afa9e72ca78b10e8c22d168f1e85c75b962bdfa81a31e963202734b3672b579
r5/measurement,completed_reader_training,r5/attributes/dsprites/Single_Atomic/run.json,6000,458716,801.4688169169967,,436518912,7a4af9d300a0b7ef41b69253d12d0a401349166895943eb6861c091100e29436
r5/measurement,completed_reader_training,r5/attributes/dsprites/Single_Non-Atomic/run.json,6000,458716,830.7699001250003,,432914432,3250661188929989ce1aeada04d2f9b1483766ff7d99de011b3b3402ec05ce05
r5/measurement,discarded_pilot,r5/attributes/clevr/Single_Atomic/preflight.json,100,459103,16.660641708003823,,,876d4f2bec155dfe9137d1da605477a5b333546952029157bdda950af8cae1d5
r5/measurement,discarded_pilot,r5/attributes/clevrtex/Single_Atomic/preflight.json,100,459619,12.928254999998899,,,3b00f7e673e3164c4e1c8f64c91c502faf29f0ae5c14407138457f189ff689de
r5/measurement,discarded_pilot,r5/attributes/dsprites/Multiple_Atomic/preflight.json,100,458716,11.739813334002974,,,75a1a16d73846496c14293ffb7da229d99173e72d7e88603e48d27f4e7ce4133
r5/measurement,discarded_pilot,r5/attributes/dsprites/Multiple_Non-Atomic/preflight.json,100,458716,13.093037165999704,,,a522acc12cef184a61d92f3269af57ea90648f10f55cdf68d34636aba13f3a7a
r5/measurement,discarded_pilot,r5/attributes/dsprites/Single_Atomic/preflight.json,100,458716,12.84422920900397,,,6a4801c4e42e5bf7530d498d5c2e695bd512d4ab9d8e8bf054b9f140890ce25e
r5/measurement,discarded_pilot,r5/attributes/dsprites/Single_Non-Atomic/preflight.json,100,458716,13.220302124995214,,,d27f0acefb253c9baea2991f994e04cde4897c3acb6aad2bbd36a127be29bf0f
r5/external,discarded_pilot,r5/model_preflight_v1/plain.json,100,1266467,4.824221540999133,,,fb13252b9e53b9a01a8c6e95510fe81cfd9fee00d403839b3aab632f6574a8d9
r5/external,discarded_pilot,r5/model_preflight_v1/c4.json,100,1266467,6.285847500003001,,,1bb113af275ba53afc09d5927e553d3d755dc55e566c02fc3cce251ef4b0d452
r5/external,discarded_pilot,r5/model_preflight_v1/object.json,100,1081892,6.207771167006285,,,a64be1430633eeaf323cb24f87f9354ae136e8537a3e082d6267015a6fa5c6d4
r5/external,discarded_pilot,r5/clevr_model_preflight_v1/plain.json,100,1266467,8.480003208002017,,,84cc9a5997c5da88ddd3a537a6e2c6ec4d4a07f4d7807748e1052cba5b4381ee
r5/external,discarded_pilot,r5/clevr_model_preflight_v1/c4.json,100,1266467,11.12806433300284,,,65acfb8d0446ada8181794176a37b496ec4b7f7a80602df6e2d18aa9480944be
r5/external,discarded_pilot,r5/clevr_model_preflight_v1/object.json,100,1081892,10.61742950000189,,,91461625ffccfeb03f5b7e20c2774341ba678a70e612a2e0ea125109c5525f51
r5/external,discarded_pilot,r5/clevrtex_model_preflight_v1/plain.json,100,1266467,7.8217559160038945,,,b1d48271fb3dc3536cc68b79372d7989b98315d4144c799ef8dc9de51741c796
r5/external,discarded_pilot,r5/clevrtex_model_preflight_v1/c4.json,100,1266467,10.445791875004943,,,12bc7412407cd0094f96cbae4d4b0065a4477d25157e5c6a4539b660029ef977
r5/external,discarded_pilot,r5/clevrtex_model_preflight_v1/object.json,100,1081892,8.924222374997044,,,d64a9cd2aeb2f0d7a157a883feb835bfd35e59b268d56afca0e559f49f3600c7
