family,task,partition_seed,initialization,kind,mode,attribute,all_accuracy,changed_accuracy,preserved_accuracy,changed_count
dsprites,Single_Atomic,890101,0,copy,validation_selected,shape,0.247625,0.009488929582154153,0.9653788258906172,12014
dsprites,Single_Atomic,890101,0,copy,validation_selected,color,0.8701875,,0.8701875,0
dsprites,Single_Atomic,890101,0,copy,validation_selected,size,0.83825,,0.83825,0
dsprites,Single_Atomic,890101,0,plain,validation_selected,shape,0.376625,0.24421508240386217,0.7757150025087808,12014
dsprites,Single_Atomic,890101,0,plain,validation_selected,color,0.825625,,0.825625,0
dsprites,Single_Atomic,890101,0,plain,validation_selected,size,0.908375,,0.908375,0
dsprites,Single_Atomic,890101,0,plain,fixed20epoch,shape,0.376625,0.24421508240386217,0.7757150025087808,12014
dsprites,Single_Atomic,890101,0,plain,fixed20epoch,color,0.825625,,0.825625,0
dsprites,Single_Atomic,890101,0,plain,fixed20epoch,size,0.908375,,0.908375,0
dsprites,Single_Atomic,890101,0,c4,validation_selected,shape,0.3961875,0.3836357582820043,0.4340190667335675,12014
dsprites,Single_Atomic,890101,0,c4,validation_selected,color,0.8750625,,0.8750625,0
dsprites,Single_Atomic,890101,0,c4,validation_selected,size,0.91525,,0.91525,0
dsprites,Single_Atomic,890101,0,c4,fixed20epoch,shape,0.3961875,0.3836357582820043,0.4340190667335675,12014
dsprites,Single_Atomic,890101,0,c4,fixed20epoch,color,0.8750625,,0.8750625,0
dsprites,Single_Atomic,890101,0,c4,fixed20epoch,size,0.91525,,0.91525,0
dsprites,Single_Atomic,890101,0,object,validation_selected,shape,0.2488125,0.061261861161977696,0.8140993477170095,12014
dsprites,Single_Atomic,890101,0,object,validation_selected,color,0.89025,,0.89025,0
dsprites,Single_Atomic,890101,0,object,validation_selected,size,0.8156875,,0.8156875,0
dsprites,Single_Atomic,890101,0,object,fixed20epoch,shape,0.2488125,0.061261861161977696,0.8140993477170095,12014
dsprites,Single_Atomic,890101,0,object,fixed20epoch,color,0.89025,,0.89025,0
dsprites,Single_Atomic,890101,0,object,fixed20epoch,size,0.8156875,,0.8156875,0
